x,y
1,110
2,15
3,51
4,33
5,107
6,178
7,191
8,129
9,56
10,180
11,80
12,86
13,142
14,3
15,153
16,42
17,104
18,142
19,2
20,176
21,163
22,130
23,51
24,46
25,130
26,27
27,160
28,149
29,40
30,159
31,52
32,101
33,8
34,92
35,48
36,196
37,125
38,109
39,36
40,185
41,34
42,193
43,4
44,74
45,178
46,80
47,183
48,72
49,83
50,13
51,21
52,136
53,102
54,46
55,52
56,65
57,102
58,171
59,47
60,35
61,159
62,80
63,67
64,81
65,33
66,120
67,152
68,58
69,32
70,37
71,110
72,200
73,66
74,5
75,127
76,16
77,50
78,6
79,150
80,38
81,169
82,175
83,112
84,128
85,34
86,72
87,74
88,80
89,18
90,101
91,13
92,35
93,121
94,114
95,99
96,77
97,133
98,175
99,110
100,108
101,115
102,118
103,164
104,53
105,86
106,5
107,68
108,100
109,99
110,196
111,56
112,74
113,166
114,76
115,71
116,131
117,158
118,19
119,101
120,124
121,181
122,58
123,71
124,25
125,14
126,74
127,8
128,53
129,94
130,121
131,164
132,38
133,44
134,20
135,103
136,108
137,136
138,132
139,84
140,3
141,1
142,41
143,154
144,143
145,119
146,92
147,172
148,197
149,197
150,1
151,197
152,132
153,145
154,57
155,144
156,114
157,189
158,40
159,149
160,47
161,168
162,165
163,67
164,139
165,9
166,176
167,10
168,23
169,121
170,169
171,176
172,7
173,85
174,103
175,42
176,55
177,163
178,181
179,89
180,191
181,24
182,134
183,52
184,4
185,61
186,64
187,5
188,27
189,68
190,81
191,146
192,125
193,167
194,88
195,132
196,75
197,71
198,60
199,64
200,158
201,79
202,15
203,96
204,19
205,71
206,122
207,115
208,84
209,132
210,94
211,107
212,119
213,193
214,5
215,38
216,82
217,25
218,166
219,45
220,126
221,7
222,66
223,193
224,99
225,13
226,62
227,130
228,45
229,1
230,172
231,109
232,5
233,129
234,36
235,15
236,163
237,65
238,195
239,46
240,173
241,52
242,124
243,183
244,62
245,160
246,20
247,162
248,20
249,187
250,22
251,112
252,145
253,158
254,196
255,97
256,44
257,177
258,128
259,194
260,19
261,93
262,144
263,186
264,67
265,153
266,173
267,94
268,47
269,57
270,71
271,20
272,30
273,95
274,161
275,9
276,17
277,90
278,53
279,30
280,51
281,119
282,2
283,145
284,118
285,126
286,153
287,169
288,25
289,3
290,41
291,76
292,55
293,184
294,99
295,41
296,34
297,106
298,71
299,115
300,53
301,127
302,138
303,143
304,107
305,5
306,40
307,139
308,189
309,14
310,86
311,54
312,62
313,42
314,188
315,79
316,63
317,9
318,154
319,19
320,156
321,108
322,115
323,61
324,143
325,20
326,63
327,168
328,148
329,159
330,60
331,72
332,160
333,89
334,165
335,91
336,170
337,184
338,95
339,92
340,150
341,90
342,5
343,12
344,172
345,139
346,5
347,169
348,192
349,35
350,85
351,49
352,129
353,124
354,53
355,15
356,170
357,177
358,148
359,111
360,86
361,174
362,39
363,94
364,57
365,16
366,94
367,91
368,10
369,134
370,91
371,79
372,31
373,85
374,100
375,186
376,154
377,150
378,13
379,137
380,143
381,9
382,108
383,119
384,97
385,154
386,60
387,6
388,187
389,116
390,153
391,61
392,182
393,102
394,198
395,7
396,178
397,125
398,85
399,189
400,117
401,83
402,87
403,43
404,195
405,180
406,115
407,165
408,79
409,187
410,51
411,83
412,117
413,100
414,116
415,132
416,104
417,156
418,111
419,97
420,9
421,173
422,1
423,117
424,64
425,56
426,10
427,90
428,157
429,2
430,25
431,72
432,48
433,184
434,26
435,117
436,50
437,97
438,72
439,37
440,41
441,147
442,132
443,92
444,40
445,200
446,60
447,11
448,42
449,59
450,145
451,88
452,20
453,86
454,148
455,103
456,4
457,45
458,64
459,41
460,53
461,24
462,160
463,93
464,67
465,104
466,24
467,184
468,183
469,113
470,123
471,134
472,139
473,89
474,12
475,88
476,48
477,188
478,19
479,42
480,5
481,3
482,12
483,169
484,174
485,1
486,150
487,196
488,134
489,161
490,179
491,34
492,136
493,43
494,60
495,93
496,45
497,16
498,36
499,72
500,154
501,66
502,108
503,61
504,41
505,75
506,72
507,200
508,28
509,142
510,137
511,132
512,125
513,36
514,125
515,47
516,63
517,80
518,74
519,125
520,115
521,62
522,144
523,32
524,149
525,108
526,142
527,185
528,193
529,146
530,108
531,198
532,80
533,24
534,70
535,95
536,102
537,115
538,49
539,163
540,46
541,29
542,186
543,129
544,26
545,32
546,117
547,101
548,120
549,143
550,110
551,196
552,54
553,119
554,77
555,198
556,18
557,68
558,113
559,160
560,155
561,32
562,132
563,162
564,39
565,70
566,119
567,96
568,84
569,96
570,10
571,171
572,73
573,193
574,65
575,137
576,195
577,77
578,43
579,182
580,31
581,14
582,44
583,37
584,183
585,34
586,125
587,21
588,47
589,159
590,26
591,27
592,106
593,167
594,70
595,193
596,3
597,2
598,108
599,124
600,127
601,193
602,29
603,155
604,192
605,178
606,70
607,35
608,14
609,72
610,188
611,39
612,92
613,195
614,48
615,184
616,183
617,11
618,58
619,89
620,94
621,90
622,52
623,186
624,47
625,134
626,19
627,190
628,89
629,37
630,39
631,189
632,81
633,112
634,113
635,79
636,45
637,194
638,170
639,172
640,33
641,152
642,61
643,82
644,92
645,23
646,183
647,121
648,70
649,174
650,51
651,175
652,87
653,25
654,94
655,94
656,147
657,96
658,78
659,176
660,131
661,155
662,178
663,46
664,47
665,2
666,182
667,85
668,76
669,59
670,97
671,196
672,107
673,4
674,70
675,118
676,48
677,80
678,155
679,59
680,30
681,70
682,4
683,161
684,101
685,8
686,189
687,10
688,185
689,71
690,130
691,84
692,12
693,197
694,176
695,6
696,174
697,120
698,118
699,8
700,98
701,114
702,176
703,34
704,31
705,140
706,45
707,30
708,39
709,38
710,152
711,90
712,142
713,38
714,165
715,178
716,190
717,129
718,200
719,134
720,49
721,69
722,92
723,126
724,114
725,136
726,51
727,175
728,47
729,3
730,139
731,179
732,56
733,88
734,102
735,28
736,143
737,175
738,27
739,142
740,192
741,44
742,67
743,176
744,184
745,3
746,77
747,109
748,71
749,25
750,194
751,116
752,196
753,19
754,121
755,20
756,127
757,26
758,59
759,87
760,159
761,191
762,104
763,101
764,96
765,30
766,129
767,160
768,82
769,124
770,46
771,54
772,183
773,107
774,80
775,26
776,48
777,20
778,191
779,113
780,153
781,22
782,178
783,136
784,194
785,30
786,109
787,191
788,77
789,116
790,10
791,7
792,156
793,134
794,41
795,14
796,8
797,189
798,88
799,64
800,120
801,109
802,163
803,108
804,135
805,184
806,75
807,76
808,85
809,140
810,39
811,52
812,48
813,53
814,133
815,137
816,153
817,189
818,108
819,173
820,22
821,105
822,84
823,59
824,153
825,8
826,62
827,9
828,179
829,61
830,185
831,17
832,170
833,32
834,95
835,27
836,65
837,8
838,77
839,147
840,195
841,179
842,128
843,156
844,1
845,12
846,91
847,22
848,180
849,103
850,165
851,174
852,134
853,67
854,146
855,52
856,38
857,65
858,10
859,109
860,65
861,24
862,190
863,8
864,82
865,185
866,190
867,41
868,171
869,139
870,28
871,165
872,34
873,118
874,143
875,11
876,52
877,162
878,3
879,32
880,36
881,144
882,47
883,113
884,65
885,4
886,26
887,126
888,88
889,132
890,196
891,147
892,18
893,128
894,3
895,90
896,128
897,184
898,160
899,54
900,173
901,192
902,127
903,89
904,158
905,194
906,60
907,121
908,186
909,2
910,71
911,44
912,72
913,102
914,20
915,191
916,45
917,33
918,192
919,26
920,124
921,97
922,27
923,194
924,194
925,53
926,91
927,118
928,5
929,189
930,141
931,41
932,101
933,137
934,24
935,42
936,60
937,47
938,53
939,62
940,55
941,105
942,9
943,47
944,102
945,34
946,143
947,88
948,131
949,65
950,133
951,131
952,39
953,19
954,181
955,37
956,27
957,102
958,20
959,116
960,62
961,77
962,7
963,69
964,10
965,187
966,58
967,93
968,148
969,153
970,58
971,182
972,88
973,192
974,9
975,91
976,32
977,96
978,146
979,63
980,139
981,58
982,123
983,102
984,137
985,86
986,29
987,10
988,27
989,178
990,50
991,124
992,181
993,35
994,193
995,159
996,200
997,92
998,1
999,56
1000,185
1001,133
1002,42
1003,67
1004,40
1005,17
1006,122
1007,79
1008,16
1009,120
1010,71
1011,81
1012,169
1013,192
1014,35
1015,157
1016,80
1017,68
1018,121
1019,105
1020,104
1021,156
1022,142
1023,198
1024,36
1025,76
1026,66
1027,85
1028,118
1029,194
1030,7
1031,198
1032,63
1033,128
1034,114
1035,108
1036,195
1037,135
1038,69
1039,27
1040,139
1041,184
1042,198
1043,199
1044,108
1045,15
1046,44
1047,51
1048,192
1049,11
1050,56
1051,95
1052,89
1053,196
1054,23
1055,42
1056,57
1057,85
1058,99
1059,118
1060,119
1061,23
1062,19
1063,61
1064,122
1065,35
1066,128
1067,15
1068,111
1069,125
1070,197
1071,127
1072,171
1073,152
1074,143
1075,193
1076,132
1077,92
1078,69
1079,2
1080,135
1081,179
1082,110
1083,82
1084,57
1085,47
1086,76
1087,10
1088,155
1089,111
1090,45
1091,44
1092,16
1093,39
1094,36
1095,48
1096,56
1097,27
1098,156
1099,137
1100,133
1101,193
1102,151
1103,39
1104,196
1105,195
1106,108
1107,82
1108,109
1109,145
1110,176
1111,79
1112,80
1113,21
1114,175
1115,39
1116,104
1117,63
1118,60
1119,194
1120,174
1121,76
1122,189
1123,199
1124,77
1125,148
1126,47
1127,2
1128,100
1129,60
1130,190
1131,27
1132,150
1133,55
1134,167
1135,24
1136,193
1137,100
1138,123
1139,122
1140,46
1141,173
1142,97
1143,120
1144,184
1145,84
1146,81
1147,41
1148,22
1149,91
1150,17
1151,85
1152,156
1153,148
1154,61
1155,88
1156,69
1157,28
1158,10
1159,95
1160,21
1161,18
1162,161
1163,69
1164,71
1165,27
1166,198
1167,10
1168,12
1169,105
1170,158
1171,106
1172,188
1173,162
1174,172
1175,39
1176,167
1177,35
1178,140
1179,24
1180,11
1181,95
1182,188
1183,127
1184,64
1185,23
1186,42
1187,6
1188,18
1189,48
1190,1
1191,193
1192,106
1193,82
1194,119
1195,59
1196,130
1197,165
1198,98
1199,1
1200,60
1201,24
1202,61
1203,105
1204,77
1205,11
1206,19
1207,44
1208,141
1209,99
1210,178
1211,165
1212,167
1213,53
1214,12
1215,16
1216,122
1217,188
1218,121
1219,85
1220,130
1221,52
1222,164
1223,82
1224,90
1225,153
1226,61
1227,41
1228,63
1229,174
1230,89
1231,119
1232,59
1233,196
1234,178
1235,32
1236,143
1237,194
1238,137
1239,171
1240,118
1241,91
1242,32
1243,36
1244,51
1245,122
1246,29
1247,76
1248,137
1249,131
1250,112
1251,114
1252,69
1253,93
1254,89
1255,101
1256,50
1257,161
1258,127
1259,56
1260,1
1261,14
1262,37
1263,166
1264,140
1265,8
1266,147
1267,90
1268,78
1269,143
1270,118
1271,116
1272,73
1273,67
1274,131
1275,179
1276,74
1277,17
1278,62
1279,55
1280,45
1281,54
1282,160
1283,183
1284,50
1285,33
1286,116
1287,114
1288,75
1289,2
1290,49
1291,78
1292,199
1293,192
1294,10
1295,55
1296,79
1297,79
1298,150
1299,119
1300,66
1301,25
1302,33
1303,180
1304,169
1305,137
1306,51
1307,184
1308,194
1309,46
1310,1
1311,18
1312,140
1313,87
1314,128
1315,41
1316,150
1317,88
1318,83
1319,130
1320,123
1321,199
1322,80
1323,86
1324,74
1325,140
1326,131
1327,139
1328,198
1329,199
1330,38
1331,33
1332,100
1333,137
1334,24
1335,73
1336,93
1337,153
1338,71
1339,97
1340,55
1341,172
1342,175
1343,75
1344,34
1345,43
1346,112
1347,157
1348,33
1349,15
1350,161
1351,118
1352,99
1353,63
1354,53
1355,180
1356,100
1357,131
1358,147
1359,116
1360,85
1361,126
1362,13
1363,145
1364,89
1365,12
1366,37
1367,189
1368,11
1369,121
1370,7
1371,124
1372,74
1373,102
1374,163
1375,85
1376,52
1377,95
1378,87
1379,195
1380,155
1381,168
1382,150
1383,70
1384,117
1385,44
1386,55
1387,131
1388,90
1389,71
1390,167
1391,122
1392,70
1393,98
1394,81
1395,168
1396,30
1397,53
1398,21
1399,158
1400,154
1401,199
1402,79
1403,71
1404,73
1405,127
1406,40
1407,112
1408,31
1409,10
1410,154
1411,1
1412,200
1413,85
1414,146
1415,21
1416,142
1417,102
1418,197
1419,197
1420,59
1421,177
1422,80
1423,85
1424,137
1425,24
1426,6
1427,116
1428,92
1429,14
1430,36
1431,107
1432,155
1433,168
1434,44
1435,5
1436,90
1437,151
1438,136
1439,135
1440,34
1441,104
1442,97
1443,99
1444,189
1445,94
1446,197
1447,4
1448,134
1449,66
1450,37
1451,184
1452,180
1453,38
1454,179
1455,136
1456,96
1457,27
1458,142
1459,158
1460,141
1461,27
1462,184
1463,105
1464,53
1465,71
1466,146
1467,168
1468,35
1469,184
1470,119
1471,114
1472,97
1473,159
1474,134
1475,144
1476,82
1477,199
1478,193
1479,126
1480,150
1481,165
1482,180
1483,104
1484,121
1485,63
1486,53
1487,77
1488,155
1489,73
1490,71
1491,70
1492,182
1493,73
1494,197
1495,22
1496,53
1497,102
1498,69
1499,94
1500,118
1501,178
1502,17
1503,175
1504,75
1505,88
1506,73
1507,42
1508,52
1509,181
1510,44
1511,153
1512,81
1513,21
1514,74
1515,86
1516,45
1517,57
1518,154
1519,74
1520,18
1521,152
1522,111
1523,150
1524,15
1525,143
1526,165
1527,198
1528,158
1529,198
1530,45
1531,80
1532,10
1533,36
1534,23
1535,122
1536,57
1537,137
1538,31
1539,35
1540,24
1541,84
1542,60
1543,197
1544,191
1545,39
1546,191
1547,121
1548,182
1549,126
1550,47
1551,160
1552,21
1553,175
1554,179
1555,36
1556,130
1557,7
1558,120
1559,14
1560,153
1561,99
1562,128
1563,141
1564,128
1565,67
1566,191
1567,93
1568,25
1569,176
1570,162
1571,103
1572,133
1573,146
1574,78
1575,24
1576,101
1577,176
1578,40
1579,121
1580,169
1581,45
1582,91
1583,44
1584,67
1585,5
1586,12
1587,37
1588,166
1589,23
1590,154
1591,195
1592,115
1593,21
1594,139
1595,131
1596,104
1597,144
1598,7
1599,101
1600,113
1601,128
1602,142
1603,123
1604,53
1605,142
1606,163
1607,146
1608,4
1609,149
1610,76
1611,200
1612,64
1613,132
1614,89
1615,143
1616,144
1617,119
1618,156
1619,60
1620,30
1621,162
1622,200
1623,110
1624,140
1625,179
1626,62
1627,101
1628,12
1629,157
1630,56
1631,156
1632,78
1633,166
1634,98
1635,40
1636,83
1637,61
1638,39
1639,102
1640,31
1641,144
1642,169
1643,146
1644,2
1645,27
1646,31
1647,12
1648,49
1649,162
1650,68
1651,63
1652,195
1653,140
1654,90
1655,99
1656,194
1657,33
1658,59
1659,106
1660,161
1661,96
1662,129
1663,193
1664,186
1665,87
1666,133
1667,46
1668,145
1669,190
1670,14
1671,59
1672,21
1673,141
1674,135
1675,89
1676,6
1677,55
1678,49
1679,158
1680,28
1681,31
1682,187
1683,108
1684,152
1685,188
1686,101
1687,46
1688,127
1689,7
1690,8
1691,168
1692,78
1693,108
1694,97
1695,163
1696,19
1697,133
1698,120
1699,81
1700,2
1701,186
1702,27
1703,129
1704,85
1705,182
1706,4
1707,51
1708,87
1709,159
1710,199
1711,121
1712,138
1713,157
1714,142
1715,182
1716,198
1717,81
1718,58
1719,179
1720,108
1721,196
1722,118
1723,139
1724,197
1725,22
1726,169
1727,78
1728,190
1729,53
1730,18
1731,176
1732,21
1733,33
1734,53
1735,86
1736,156
1737,182
1738,200
1739,154
1740,186
1741,32
1742,90
1743,121
1744,170
1745,122
1746,127
1747,77
1748,49
1749,174
1750,128
1751,20
1752,182
1753,123
1754,31
1755,57
1756,82
1757,92
1758,21
1759,194
1760,59
1761,86
1762,188
1763,137
1764,81
1765,189
1766,28
1767,122
1768,94
1769,47
1770,106
1771,130
1772,135
1773,26
1774,53
1775,167
1776,172
1777,41
1778,72
1779,51
1780,21
1781,152
1782,148
1783,78
1784,146
1785,93
1786,61
1787,68
1788,189
1789,142
1790,188
1791,160
1792,80
1793,135
1794,90
1795,4
1796,144
1797,192
1798,54
1799,152
1800,103
1801,199
1802,68
1803,86
1804,195
1805,49
1806,49
1807,37
1808,197
1809,29
1810,36
1811,158
1812,1
1813,28
1814,170
1815,71
1816,143
1817,114
1818,42
1819,199
1820,158
1821,18
1822,30
1823,168
1824,179
1825,62
1826,138
1827,23
1828,2
1829,52
1830,149
1831,127
1832,133
1833,9
1834,187
1835,156
1836,172
1837,118
1838,190
1839,199
1840,106
1841,139
1842,182
1843,36
1844,21
1845,100
1846,193
1847,124
1848,69
1849,112
1850,173
1851,186
1852,15
1853,10
1854,161
1855,196
1856,124
1857,157
1858,41
1859,39
1860,25
1861,97
1862,28
1863,172
1864,166
1865,65
1866,192
1867,13
1868,9
1869,110
1870,183
1871,22
1872,166
1873,109
1874,68
1875,127
1876,134
1877,93
1878,102
1879,31
1880,67
1881,168
1882,137
1883,159
1884,189
1885,45
1886,112
1887,73
1888,56
1889,5
1890,97
1891,41
1892,1
1893,72
1894,188
1895,59
1896,32
1897,4
1898,54
1899,66
1900,118
1901,196
1902,26
1903,128
1904,177
1905,169
1906,95
1907,35
1908,30
1909,107
1910,132
1911,84
1912,50
1913,147
1914,135
1915,9
1916,40
1917,6
1918,37
1919,68
1920,78
1921,105
1922,40
1923,158
1924,34
1925,96
1926,50
1927,56
1928,111
1929,143
1930,35
1931,163
1932,107
1933,123
1934,86
1935,3
1936,108
1937,135
1938,72
1939,124
1940,65
1941,39
1942,124
1943,160
1944,90
1945,140
1946,123
1947,197
1948,46
1949,4
1950,45
1951,117
1952,82
1953,186
1954,133
1955,30
1956,147
1957,97
1958,52
1959,114
1960,113
1961,115
1962,136
1963,168
1964,91
1965,9
1966,13
1967,187
1968,186
1969,2
1970,133
1971,22
1972,22
1973,15
1974,122
1975,28
1976,163
1977,26
1978,157
1979,79
1980,31
1981,116
1982,71
1983,167
1984,119
1985,44
1986,90
1987,9
1988,84
1989,104
1990,71
1991,61
1992,124
1993,105
1994,55
1995,49
1996,3
1997,136
1998,6
1999,167
2000,169
2001,58
2002,86
2003,130
2004,102
2005,45
2006,180
2007,135
2008,70
2009,30
2010,79
2011,2
2012,116
2013,188
2014,119
2015,129
2016,162
2017,85
2018,54
2019,198
2020,3
2021,29
2022,31
2023,101
2024,140
2025,110
2026,52
2027,27
2028,162
2029,133
2030,195
2031,90
2032,4
2033,66
2034,43
2035,167
2036,122
2037,164
2038,199
2039,147
2040,25
2041,187
2042,163
2043,154
2044,80
2045,161
2046,191
2047,28
2048,57
2049,93
2050,4
2051,89
2052,44
2053,179
2054,194
2055,4
2056,112
2057,110
2058,70
2059,62
2060,52
2061,41
2062,57
2063,121
2064,79
2065,115
2066,48
2067,108
2068,91
2069,125
2070,154
2071,179
2072,39
2073,117
2074,181
2075,180
2076,166
2077,161
2078,90
2079,103
2080,8
2081,142
2082,125
2083,174
2084,23
2085,5
2086,183
2087,30
2088,8
2089,167
2090,80
2091,74
2092,183
2093,60
2094,142
2095,188
2096,145
2097,189
2098,129
2099,11
2100,125
2101,95
2102,77
2103,79
2104,121
2105,184
2106,173
2107,152
2108,111
2109,144
2110,91
2111,197
2112,5
2113,122
2114,139
2115,103
2116,91
2117,21
2118,64
2119,45
2120,126
2121,172
2122,162
2123,136
2124,40
2125,69
2126,16
2127,53
2128,24
2129,41
2130,68
2131,102
2132,19
2133,147
2134,97
2135,17
2136,3
2137,98
2138,28
2139,61
2140,8
2141,59
2142,99
2143,14
2144,170
2145,135
2146,46
2147,168
2148,167
2149,159
2150,117
2151,47
2152,88
2153,144
2154,191
2155,182
2156,7
2157,123
2158,56
2159,8
2160,58
2161,177
2162,132
2163,146
2164,158
2165,50
2166,119
2167,68
2168,157
2169,27
2170,196
2171,189
2172,166
2173,137
2174,58
2175,173
2176,13
2177,185
2178,25
2179,48
2180,38
2181,58
2182,117
2183,68
2184,25
2185,162
2186,66
2187,50
2188,66
2189,18
2190,63
2191,124
2192,168
2193,1
2194,142
2195,191
2196,74
2197,21
2198,58
2199,199
2200,134
2201,99
2202,84
2203,114
2204,115
2205,67
2206,98
2207,7
2208,39
2209,59
2210,77
2211,88
2212,110
2213,76
2214,83
2215,168
2216,149
2217,61
2218,154
2219,95
2220,44
2221,161
2222,80
2223,14
2224,142
2225,69
2226,86
2227,116
2228,105
2229,134
2230,165
2231,113
2232,110
2233,30
2234,185
2235,132
2236,82
2237,98
2238,46
2239,199
2240,169
2241,55
2242,197
2243,29
2244,140
2245,39
2246,129
2247,24
2248,98
2249,79
2250,103
2251,192
2252,154
2253,143
2254,30
2255,164
2256,155
2257,122
2258,2
2259,41
2260,164
2261,58
2262,148
2263,152
2264,27
2265,93
2266,147
2267,79
2268,23
2269,59
2270,189
2271,171
2272,90
2273,71
2274,16
2275,136
2276,188
2277,20
2278,31
2279,109
2280,40
2281,125
2282,124
2283,167
2284,182
2285,101
2286,61
2287,17
2288,127
2289,46
2290,40
2291,44
2292,10
2293,36
2294,189
2295,168
2296,73
2297,194
2298,164
2299,35
2300,16
2301,42
2302,135
2303,159
2304,172
2305,150
2306,34
2307,82
2308,168
2309,97
2310,77
2311,184
2312,43
2313,95
2314,39
2315,21
2316,118
2317,165
2318,173
2319,7
2320,14
2321,62
2322,154
2323,126
2324,178
2325,106
2326,192
2327,41
2328,8
2329,156
2330,166
2331,68
2332,21
2333,68
2334,67
2335,174
2336,86
2337,1
2338,109
2339,20
2340,121
2341,193
2342,94
2343,123
2344,45
2345,131
2346,150
2347,72
2348,186
2349,20
2350,105
2351,196
2352,105
2353,28
2354,113
2355,107
2356,40
2357,198
2358,115
2359,150
2360,39
2361,81
2362,97
2363,199
2364,12
2365,128
2366,19
2367,78
2368,113
2369,178
2370,30
2371,95
2372,117
2373,123
2374,107
2375,84
2376,6
2377,125
2378,16
2379,191
2380,178
2381,27
2382,185
2383,135
2384,53
2385,169
2386,193
2387,194
2388,51
2389,55
2390,123
2391,31
2392,76
2393,119
2394,105
2395,49
2396,55
2397,184
2398,4
2399,171
2400,105
2401,108
2402,120
2403,179
2404,188
2405,159
2406,100
2407,138
2408,170
2409,172
2410,15
2411,9
2412,39
2413,121
2414,167
2415,192
2416,109
2417,145
2418,78
2419,144
2420,84
2421,128
2422,137
2423,95
2424,6
2425,128
2426,71
2427,71
2428,136
2429,56
2430,54
2431,114
2432,56
2433,2
2434,129
2435,152
2436,9
2437,51
2438,17
2439,95
2440,139
2441,170
2442,150
2443,190
2444,25
2445,38
2446,108
2447,2
2448,104
2449,172
2450,56
2451,127
2452,101
2453,41
2454,172
2455,183
2456,78
2457,140
2458,59
2459,47
2460,26
2461,74
2462,118
2463,66
2464,5
2465,87
2466,78
2467,21
2468,46
2469,71
2470,107
2471,98
2472,67
2473,114
2474,39
2475,175
2476,151
2477,40
2478,9
2479,45
2480,85
2481,121
2482,30
2483,191
2484,197
2485,173
2486,153
2487,89
2488,57
2489,190
2490,179
2491,169
2492,184
2493,108
2494,18
2495,11
2496,139
2497,78
2498,118
2499,7
2500,124
2501,72
2502,11
2503,38
2504,57
2505,115
2506,170
2507,172
2508,42
2509,163
2510,33
2511,75
2512,195
2513,180
2514,162
2515,177
2516,85
2517,137
2518,77
2519,22
2520,85
2521,82
2522,187
2523,160
2524,61
2525,120
2526,176
2527,110
2528,10
2529,82
2530,37
2531,166
2532,185
2533,95
2534,10
2535,35
2536,1
2537,1
2538,133
2539,169
2540,171
2541,185
2542,158
2543,165
2544,45
2545,52
2546,97
2547,143
2548,14
2549,177
2550,61
2551,117
2552,73
2553,175
2554,75
2555,46
2556,102
2557,117
2558,153
2559,82
2560,31
2561,38
2562,77
2563,177
2564,169
2565,96
2566,115
2567,66
2568,59
2569,46
2570,169
2571,195
2572,197
2573,191
2574,3
2575,129
2576,41
2577,47
2578,83
2579,103
2580,172
2581,48
2582,32
2583,136
2584,20
2585,42
2586,109
2587,128
2588,196
2589,167
2590,200
2591,31
2592,65
2593,65
2594,45
2595,155
2596,2
2597,96
2598,120
2599,187
2600,152
2601,112
2602,97
2603,67
2604,163
2605,13
2606,97
2607,145
2608,50
2609,197
2610,173
2611,195
2612,148
2613,15
2614,194
2615,127
2616,149
2617,134
2618,50
2619,30
2620,70
2621,171
2622,155
2623,73
2624,33
2625,42
2626,171
2627,177
2628,113
2629,107
2630,195
2631,64
2632,95
2633,159
2634,102
2635,114
2636,176
2637,17
2638,5
2639,121
2640,7
2641,200
2642,62
2643,58
2644,194
2645,174
2646,117
2647,37
2648,3
2649,119
2650,195
2651,99
2652,133
2653,142
2654,176
2655,147
2656,46
2657,84
2658,1
2659,53
2660,182
2661,51
2662,184
2663,137
2664,177
2665,66
2666,44
2667,173
2668,97
2669,60
2670,31
2671,125
2672,114
2673,34
2674,82
2675,45
2676,122
2677,127
2678,11
2679,46
2680,49
2681,4
2682,21
2683,61
2684,112
2685,135
2686,141
2687,110
2688,129
2689,182
2690,21
2691,131
2692,77
2693,2
2694,126
2695,91
2696,97
2697,101
2698,70
2699,155
2700,56
2701,93
2702,76
2703,9
2704,48
2705,26
2706,192
2707,193
2708,53
2709,86
2710,82
2711,22
2712,145
2713,114
2714,127
2715,39
2716,98
2717,10
2718,192
2719,23
2720,69
2721,25
2722,80
2723,193
2724,95
2725,165
2726,173
2727,172
2728,142
2729,171
2730,41
2731,124
2732,28
2733,189
2734,94
2735,145
2736,86
2737,51
2738,124
2739,60
2740,11
2741,45
2742,33
2743,175
2744,58
2745,196
2746,17
2747,120
2748,55
2749,145
2750,147
2751,185
2752,121
2753,136
2754,132
2755,193
2756,191
2757,10
2758,40
2759,67
2760,151
2761,167
2762,126
2763,62
2764,133
2765,138
2766,196
2767,122
2768,29
2769,85
2770,149
2771,158
2772,142
2773,31
2774,51
2775,193
2776,108
2777,180
2778,35
2779,177
2780,11
2781,92
2782,193
2783,199
2784,161
2785,112
2786,169
2787,196
2788,144
2789,79
2790,147
2791,74
2792,113
2793,193
2794,11
2795,97
2796,113
2797,150
2798,112
2799,6
2800,78
2801,46
2802,159
2803,65
2804,108
2805,22
2806,53
2807,86
2808,199
2809,189
2810,38
2811,59
2812,133
2813,198
2814,27
2815,178
2816,184
2817,76
2818,200
2819,9
2820,93
2821,21
2822,79
2823,171
2824,18
2825,94
2826,120
2827,200
2828,160
2829,45
2830,94
2831,8
2832,4
2833,107
2834,4
2835,82
2836,122
2837,54
2838,142
2839,180
2840,103
2841,186
2842,38
2843,60
2844,6
2845,57
2846,38
2847,185
2848,9
2849,80
2850,160
2851,37
2852,191
2853,179
2854,109
2855,91
2856,93
2857,58
2858,185
2859,70
2860,42
2861,123
2862,195
2863,157
2864,104
2865,158
2866,191
2867,4
2868,151
2869,154
2870,150
2871,89
2872,179
2873,140
2874,57
2875,56
2876,69
2877,161
2878,178
2879,114
2880,12
2881,166
2882,6
2883,168
2884,4
2885,163
2886,127
2887,21
2888,153
2889,172
2890,131
2891,78
2892,185
2893,184
2894,16
2895,51
2896,143
2897,122
2898,74
2899,19
2900,118
2901,181
2902,74
2903,108
2904,41
2905,189
2906,144
2907,156
2908,124
2909,151
2910,63
2911,142
2912,10
2913,82
2914,171
2915,62
2916,126
2917,138
2918,84
2919,38
2920,140
2921,181
2922,88
2923,107
2924,62
2925,16
2926,134
2927,131
2928,74
2929,179
2930,69
2931,180
2932,173
2933,4
2934,108
2935,11
2936,57
2937,101
2938,17
2939,147
2940,51
2941,183
2942,121
2943,150
2944,151
2945,115
2946,191
2947,156
2948,86
2949,145
2950,111
2951,154
2952,19
2953,149
2954,103
2955,185
2956,64
2957,14
2958,193
2959,74
2960,15
2961,62
2962,159
2963,110
2964,81
2965,86
2966,163
2967,70
2968,122
2969,136
2970,79
2971,117
2972,6
2973,87
2974,181
2975,52
2976,45
2977,82
2978,35
2979,103
2980,91
2981,84
2982,154
2983,123
2984,71
2985,99
2986,99
2987,7
2988,53
2989,9
2990,188
2991,170
2992,17
2993,171
2994,72
2995,9
2996,184
2997,31
2998,70
2999,191
3000,69
3001,78
3002,18
3003,9
3004,45
3005,138
3006,36
3007,181
3008,131
3009,162
3010,83
3011,78
3012,56
3013,131
3014,128
3015,20
3016,95
3017,33
3018,132
3019,42
3020,79
3021,50
3022,97
3023,14
3024,100
3025,148
3026,59
3027,56
3028,189
3029,52
3030,154
3031,13
3032,13
3033,109
3034,112
3035,75
3036,196
3037,182
3038,37
3039,30
3040,151
3041,93
3042,24
3043,66
3044,67
3045,7
3046,48
3047,55
3048,145
3049,164
3050,106
3051,1
3052,159
3053,187
3054,97
3055,104
3056,123
3057,59
3058,66
3059,111
3060,156
3061,165
3062,9
3063,177
3064,156
3065,145
3066,100
3067,188
3068,54
3069,117
3070,42
3071,82
3072,148
3073,167
3074,179
3075,15
3076,18
3077,115
3078,197
3079,196
3080,167
3081,133
3082,39
3083,49
3084,48
3085,146
3086,49
3087,194
3088,61
3089,84
3090,185
3091,29
3092,187
3093,104
3094,94
3095,44
3096,53
3097,169
3098,139
3099,1
3100,173
3101,25
3102,184
3103,132
3104,134
3105,75
3106,81
3107,175
3108,169
3109,55
3110,13
3111,68
3112,91
3113,191
3114,82
3115,73
3116,92
3117,44
3118,31
3119,36
3120,182
3121,110
3122,150
3123,34
3124,155
3125,152
3126,149
3127,10
3128,120
3129,186
3130,30
3131,105
3132,26
3133,167
3134,66
3135,49
3136,139
3137,139
3138,13
3139,191
3140,182
3141,138
3142,158
3143,196
3144,22
3145,27
3146,152
3147,34
3148,118
3149,168
3150,144
3151,156
3152,19
3153,69
3154,170
3155,84
3156,121
3157,195
3158,180
3159,56
3160,199
3161,123
3162,70
3163,157
3164,195
3165,72
3166,183
3167,54
3168,73
3169,100
3170,145
3171,119
3172,27
3173,130
3174,43
3175,101
3176,188
3177,26
3178,173
3179,170
3180,124
3181,4
3182,144
3183,40
3184,87
3185,5
3186,104
3187,77
3188,181
3189,146
3190,138
3191,153
3192,122
3193,175
3194,57
3195,156
3196,106
3197,13
3198,152
3199,124
3200,191
3201,33
3202,180
3203,110
3204,195
3205,82
3206,80
3207,132
3208,197
3209,165
3210,17
3211,110
3212,16
3213,25
3214,160
3215,104
3216,22
3217,25
3218,127
3219,72
3220,132
3221,126
3222,158
3223,105
3224,185
3225,44
3226,70
3227,192
3228,84
3229,125
3230,38
3231,65
3232,112
3233,168
3234,2
3235,146
3236,196
3237,4
3238,163
3239,140
3240,34
3241,118
3242,17
3243,98
3244,104
3245,107
3246,105
3247,136
3248,143
3249,22
3250,126
3251,58
3252,124
3253,54
3254,155
3255,82
3256,124
3257,166
3258,131
3259,176
3260,135
3261,129
3262,178
3263,22
3264,100
3265,129
3266,112
3267,55
3268,73
3269,65
3270,57
3271,77
3272,158
3273,179
3274,168
3275,155
3276,19
3277,119
3278,139
3279,166
3280,10
3281,79
3282,69
3283,47
3284,155
3285,49
3286,175
3287,68
3288,24
3289,67
3290,37
3291,31
3292,148
3293,82
3294,192
3295,79
3296,9
3297,7
3298,138
3299,166
3300,199
3301,94
3302,89
3303,61
3304,118
3305,175
3306,105
3307,105
3308,97
3309,154
3310,165
3311,8
3312,98
3313,120
3314,172
3315,30
3316,171
3317,74
3318,101
3319,73
3320,23
3321,85
3322,86
3323,168
3324,114
3325,108
3326,9
3327,136
3328,82
3329,163
3330,107
3331,47
3332,156
3333,135
3334,94
3335,104
3336,114
3337,117
3338,157
3339,152
3340,126
3341,98
3342,140
3343,115
3344,49
3345,48
3346,20
3347,197
3348,195
3349,116
3350,96
3351,175
3352,29
3353,99
3354,110
3355,9
3356,147
3357,179
3358,178
3359,7
3360,33
3361,3
3362,158
3363,190
3364,161
3365,102
3366,18
3367,20
3368,92
3369,29
3370,27
3371,29
3372,96
3373,93
3374,90
3375,178
3376,113
3377,81
3378,197
3379,148
3380,98
3381,11
3382,193
3383,38
3384,20
3385,18
3386,190
3387,48
3388,72
3389,82
3390,34
3391,143
3392,86
3393,181
3394,92
3395,149
3396,135
3397,162
3398,148
3399,174
3400,89
3401,11
3402,89
3403,40
3404,167
3405,138
3406,168
3407,141
3408,80
3409,143
3410,111
3411,35
3412,100
3413,112
3414,48
3415,36
3416,111
3417,172
3418,34
3419,83
3420,19
3421,125
3422,97
3423,76
3424,85
3425,150
3426,100
3427,119
3428,30
3429,70
3430,194
3431,74
3432,84
3433,168
3434,87
3435,167
3436,18
3437,11
3438,124
3439,63
3440,129
3441,93
3442,82
3443,118
3444,128
3445,59
3446,163
3447,186
3448,74
3449,195
3450,61
3451,199
3452,140
3453,167
3454,191
3455,50
3456,151
3457,179
3458,142
3459,185
3460,72
3461,113
3462,197
3463,29
3464,121
3465,169
3466,190
3467,159
3468,40
3469,64
3470,41
3471,183
3472,26
3473,120
3474,56
3475,118
3476,133
3477,70
3478,36
3479,45
3480,195
3481,30
3482,131
3483,106
3484,171
3485,20
3486,32
3487,39
3488,165
3489,23
3490,34
3491,153
3492,89
3493,132
3494,151
3495,191
3496,196
3497,39
3498,138
3499,137
3500,122
3501,99
3502,113
3503,115
3504,25
3505,156
3506,27
3507,148
3508,52
3509,198
3510,39
3511,57
3512,157
3513,48
3514,116
3515,102
3516,24
3517,128
3518,173
3519,122
3520,84
3521,7
3522,90
3523,91
3524,146
3525,73
3526,95
3527,127
3528,120
3529,197
3530,10
3531,26
3532,195
3533,35
3534,12
3535,116
3536,100
3537,100
3538,194
3539,54
3540,166
3541,7
3542,6
3543,123
3544,186
3545,1
3546,163
3547,115
3548,176
3549,146
3550,120
3551,167
3552,71
3553,127
3554,111
3555,1
3556,161
3557,188
3558,188
3559,85
3560,146
3561,107
3562,89
3563,40
3564,77
3565,57
3566,8
3567,106
3568,80
3569,52
3570,72
3571,81
3572,164
3573,183
3574,95
3575,121
3576,120
3577,161
3578,81
3579,21
3580,107
3581,54
3582,139
3583,175
3584,171
3585,178
3586,45
3587,42
3588,195
3589,33
3590,160
3591,152
3592,28
3593,168
3594,200
3595,175
3596,170
3597,81
3598,67
3599,142
3600,179
3601,147
3602,191
3603,166
3604,32
3605,122
3606,41
3607,43
3608,121
3609,3
3610,191
3611,151
3612,130
3613,48
3614,68
3615,199
3616,108
3617,76
3618,117
3619,40
3620,41
3621,135
3622,33
3623,177
3624,167
3625,177
3626,121
3627,131
3628,172
3629,149
3630,75
3631,46
3632,103
3633,133
3634,62
3635,167
3636,162
3637,26
3638,5
3639,190
3640,188
3641,107
3642,163
3643,92
3644,197
3645,48
3646,135
3647,179
3648,87
3649,77
3650,130
3651,144
3652,141
3653,65
3654,197
3655,11
3656,159
3657,164
3658,101
3659,1
3660,151
3661,26
3662,79
3663,128
3664,128
3665,186
3666,117
3667,93
3668,45
3669,123
3670,42
3671,95
3672,114
3673,148
3674,38
3675,165
3676,119
3677,134
3678,60
3679,67
3680,181
3681,151
3682,146
3683,109
3684,198
3685,34
3686,81
3687,45
3688,63
3689,7
3690,185
3691,173
3692,177
3693,172
3694,191
3695,92
3696,33
3697,46
3698,27
3699,27
3700,62
3701,142
3702,131
3703,28
3704,129
3705,170
3706,5
3707,89
3708,174
3709,174
3710,113
3711,75
3712,89
3713,127
3714,151
3715,5
3716,177
3717,196
3718,32
3719,119
3720,50
3721,141
3722,80
3723,79
3724,199
3725,135
3726,25
3727,127
3728,125
3729,146
3730,118
3731,116
3732,89
3733,188
3734,48
3735,15
3736,124
3737,6
3738,107
3739,63
3740,72
3741,74
3742,68
3743,115
3744,181
3745,179
3746,21
3747,80
3748,6
3749,164
3750,10
3751,164
3752,198
3753,71
3754,120
3755,188
3756,95
3757,22
3758,150
3759,38
3760,92
3761,64
3762,145
3763,56
3764,100
3765,84
3766,183
3767,105
3768,174
3769,164
3770,176
3771,155
3772,138
3773,45
3774,197
3775,161
3776,137
3777,189
3778,106
3779,172
3780,90
3781,26
3782,199
3783,142
3784,69
3785,119
3786,126
3787,155
3788,98
3789,28
3790,83
3791,89
3792,139
3793,6
3794,90
3795,80
3796,7
3797,75
3798,189
3799,175
3800,46
3801,132
3802,104
3803,162
3804,135
3805,51
3806,32
3807,25
3808,49
3809,77
3810,1
3811,186
3812,45
3813,129
3814,68
3815,8
3816,178
3817,39
3818,192
3819,139
3820,82
3821,3
3822,149
3823,36
3824,67
3825,50
3826,15
3827,129
3828,104
3829,14
3830,25
3831,121
3832,149
3833,76
3834,197
3835,66
3836,136
3837,181
3838,14
3839,160
3840,142
3841,197
3842,149
3843,27
3844,184
3845,71
3846,111
3847,53
3848,176
3849,50
3850,96
3851,30
3852,129
3853,31
3854,181
3855,13
3856,197
3857,193
3858,33
3859,106
3860,19
3861,157
3862,113
3863,99
3864,151
3865,91
3866,109
3867,177
3868,34
3869,108
3870,139
3871,119
3872,6
3873,10
3874,29
3875,64
3876,151
3877,5
3878,99
3879,53
3880,46
3881,199
3882,72
3883,14
3884,116
3885,75
3886,99
3887,181
3888,48
3889,59
3890,157
3891,89
3892,131
3893,54
3894,92
3895,19
3896,110
3897,42
3898,168
3899,99
3900,83
3901,173
3902,139
3903,35
3904,139
3905,84
3906,177
3907,22
3908,88
3909,64
3910,169
3911,192
3912,99
3913,97
3914,146
3915,43
3916,168
3917,152
3918,191
3919,158
3920,181
3921,189
3922,82
3923,37
3924,96
3925,45
3926,72
3927,58
3928,134
3929,72
3930,132
3931,54
3932,56
3933,59
3934,132
3935,48
3936,32
3937,184
3938,161
3939,195
3940,161
3941,11
3942,141
3943,149
3944,42
3945,88
3946,186
3947,51
3948,191
3949,101
3950,5
3951,144
3952,32
3953,162
3954,57
3955,170
3956,2
3957,156
3958,28
3959,156
3960,92
3961,117
3962,89
3963,130
3964,188
3965,28
3966,119
3967,113
3968,148
3969,87
3970,62
3971,109
3972,140
3973,98
3974,83
3975,195
3976,177
3977,141
3978,3
3979,80
3980,47
3981,34
3982,137
3983,168
3984,4
3985,151
3986,14
3987,164
3988,98
3989,174
3990,62
3991,119
3992,167
3993,106
3994,87
3995,63
3996,7
3997,67
3998,21
3999,84
4000,41
